payment_type,actual_shipping_days,scheduled_shipping_days,benefit_per_order,sales_per_customer,delivery_status,late_delivery_risk,category_id,category_name,customer_city,customer_country,customer_id,customer_segment,customer_state,department_id,department_name,latitude,longitude,market,order_city,order_country,order_customer_id,order_id,order_item_discount,order_item_discount_rate,order_item_id,product_price,profit_ratio,quantity,sales,order_item_total,profit_per_order,order_region,order_state,order_status,product_id,product_category_id,product_name,product_list_price,product_status,shipping_mode,order_date,shipping_date,delay_days,is_late,profit_margin_pct,revenue_at_risk,order_year,order_month,order_quarter,order_month_name,order_yearmonth,order_dayofweek,order_week,has_discount,abc_class,supplier_proxy
DEBIT,3,4,91.25,314.64,Advance shipping,0,73,Sporting Goods,Caguas,Puerto Rico,20755,Consumer,PR,2,Fitness,18.25,-66.04,Pacific Asia,Bekasi,Indonesia,20755,77202,13.10999966,0.039999999,180517,327.75,0.289999992,1,327.75,314.6400146,91.25,Southeast Asia,Java Occidental,COMPLETE,1360,73,Smart watch,327.75,0,Standard Class,2018-01-31,2018-02-03,-1,0,27.84,0.0,2018,1,1,Jan,2018-01,Wednesday,5,1,C,Fitness — Standard Class
TRANSFER,5,4,-249.09,311.36,Late delivery,1,73,Sporting Goods,Caguas,Puerto Rico,19492,Consumer,PR,2,Fitness,18.28,-66.04,Pacific Asia,Bikaner,India,19492,75939,16.38999939,0.050000001,179254,327.75,-0.800000012,1,327.75,311.3599854,-249.0899963,South Asia,Rajastán,PENDING,1360,73,Smart watch,327.75,0,Standard Class,2018-01-13,2018-01-18,1,1,-76.0,327.75,2018,1,1,Jan,2018-01,Saturday,2,1,C,Fitness — Standard Class
CASH,4,4,-247.78,309.72,Shipping on time,0,73,Sporting Goods,San Jose,United States,19491,Consumer,CA,2,Fitness,37.29,-121.88,Pacific Asia,Bikaner,India,19491,75938,18.03000069,0.059999999,179253,327.75,-0.800000012,1,327.75,309.7200012,-247.7799988,South Asia,Rajastán,CLOSED,1360,73,Smart watch,327.75,0,Standard Class,2018-01-13,2018-01-17,0,0,-75.6,0.0,2018,1,1,Jan,2018-01,Saturday,2,1,C,Fitness — Standard Class
DEBIT,3,4,22.86,304.81,Advance shipping,0,73,Sporting Goods,Los Angeles,United States,19490,Home Office,CA,2,Fitness,34.13,-118.29,Pacific Asia,Townsville,Australia,19490,75937,22.94000053,0.07,179252,327.75,0.079999998,1,327.75,304.8099976,22.86000061,Oceania,Queensland,COMPLETE,1360,73,Smart watch,327.75,0,Standard Class,2018-01-13,2018-01-16,-1,0,6.97,0.0,2018,1,1,Jan,2018-01,Saturday,2,1,C,Fitness — Standard Class
PAYMENT,2,4,134.21,298.25,Advance shipping,0,73,Sporting Goods,Caguas,Puerto Rico,19489,Corporate,PR,2,Fitness,18.25,-66.04,Pacific Asia,Townsville,Australia,19489,75936,29.5,0.090000004,179251,327.75,0.449999988,1,327.75,298.25,134.2100067,Oceania,Queensland,PENDING_PAYMENT,1360,73,Smart watch,327.75,0,Standard Class,2018-01-13,2018-01-15,-2,0,40.95,0.0,2018,1,1,Jan,2018-01,Saturday,2,1,C,Fitness — Standard Class
DEBIT,2,1,95.18,288.42,Late delivery,1,73,Sporting Goods,Caguas,Puerto Rico,19487,Home Office,PR,2,Fitness,18.24,-66.04,Pacific Asia,Guangzhou,China,19487,75934,39.33000183,0.119999997,179249,327.75,0.330000013,1,327.75,288.4200134,95.18000031,Eastern Asia,Guangdong,COMPLETE,1360,73,Smart watch,327.75,0,First Class,2018-01-13,2018-01-15,1,1,29.04,327.75,2018,1,1,Jan,2018-01,Saturday,2,1,C,Fitness — First Class
TRANSFER,2,1,68.43,285.14,Late delivery,1,73,Sporting Goods,Miami,United States,19486,Corporate,FL,2,Fitness,25.93,-80.16,Pacific Asia,Guangzhou,China,19486,75933,42.61000061,0.129999995,179248,327.75,0.239999995,1,327.75,285.1400146,68.43000031,Eastern Asia,Guangdong,PROCESSING,1360,73,Smart watch,327.75,0,First Class,2018-01-13,2018-01-15,1,1,20.88,327.75,2018,1,1,Jan,2018-01,Saturday,2,1,C,Fitness — First Class
CASH,3,2,133.72,278.59,Late delivery,1,73,Sporting Goods,Caguas,Puerto Rico,19485,Corporate,PR,2,Fitness,18.23,-66.04,Pacific Asia,Guangzhou,China,19485,75932,49.15999985,0.150000006,179247,327.75,0.479999989,1,327.75,278.5899963,133.7200012,Eastern Asia,Guangdong,CLOSED,1360,73,Smart watch,327.75,0,Second Class,2018-01-13,2018-01-16,1,1,40.8,327.75,2018,1,1,Jan,2018-01,Saturday,2,1,C,Fitness — Second Class
CASH,2,1,132.15,275.31,Late delivery,1,73,Sporting Goods,San Ramon,United States,19484,Corporate,CA,2,Fitness,37.77,-121.97,Pacific Asia,Guangzhou,China,19484,75931,52.43999863,0.159999996,179246,327.75,0.479999989,1,327.75,275.3099976,132.1499939,Eastern Asia,Guangdong,CLOSED,1360,73,Smart watch,327.75,0,First Class,2018-01-13,2018-01-15,1,1,40.32,327.75,2018,1,1,Jan,2018-01,Saturday,2,1,C,Fitness — First Class
TRANSFER,5,2,45.69,268.76,Late delivery,1,73,Sporting Goods,Freeport,United States,19482,Consumer,NY,2,Fitness,40.65,-73.59,Pacific Asia,Manado,Indonesia,19482,75929,59.0,0.180000007,179244,327.75,0.170000002,1,327.75,268.7600098,45.68999863,Southeast Asia,Célebes Septentrional,PENDING,1360,73,Smart watch,327.75,0,Second Class,2018-01-13,2018-01-18,3,1,13.94,327.75,2018,1,1,Jan,2018-01,Saturday,2,1,C,Fitness — Second Class
TRANSFER,4,2,21.76,262.2,Late delivery,1,73,Sporting Goods,Salinas,United States,19481,Corporate,CA,2,Fitness,36.68,-121.66,Pacific Asia,Manado,Indonesia,19481,75928,65.55000305,0.200000003,179243,327.75,0.079999998,1,327.75,262.2000122,21.76000023,Southeast Asia,Célebes Septentrional,PENDING,1360,73,Smart watch,327.75,0,Second Class,2018-01-13,2018-01-17,2,1,6.64,327.75,2018,1,1,Jan,2018-01,Saturday,2,1,C,Fitness — Second Class
DEBIT,2,1,24.58,245.81,Late delivery,1,73,Sporting Goods,Caguas,Puerto Rico,19480,Corporate,PR,2,Fitness,18.28,-66.04,Pacific Asia,Sangli,India,19480,75927,81.94000244,0.25,179242,327.75,0.100000001,1,327.75,245.8099976,24.57999992,South Asia,Maharashtra,COMPLETE,1360,73,Smart watch,327.75,0,First Class,2018-01-13,2018-01-15,1,1,7.5,327.75,2018,1,1,Jan,2018-01,Saturday,2,1,C,Fitness — First Class
TRANSFER,2,1,16.39,327.75,Late delivery,1,73,Sporting Goods,Peabody,United States,19479,Corporate,MA,2,Fitness,42.53,-70.93,Pacific Asia,Sangli,India,19479,75926,0.0,0.0,179241,327.75,0.050000001,1,327.75,327.75,16.38999939,South Asia,Maharashtra,PROCESSING,1360,73,Smart watch,327.75,0,First Class,2018-01-13,2018-01-15,1,1,5.0,327.75,2018,1,1,Jan,2018-01,Saturday,2,0,C,Fitness — First Class
DEBIT,2,1,-259.58,324.47,Late delivery,1,73,Sporting Goods,Caguas,Puerto Rico,19478,Corporate,PR,2,Fitness,18.28,-66.04,Pacific Asia,Sangli,India,19478,75925,3.279999971,0.01,179240,327.75,-0.800000012,1,327.75,324.4700012,-259.5799866,South Asia,Maharashtra,COMPLETE,1360,73,Smart watch,327.75,0,First Class,2018-01-13,2018-01-15,1,1,-79.2,327.75,2018,1,1,Jan,2018-01,Saturday,2,1,C,Fitness — First Class
PAYMENT,5,2,-246.36,321.2,Late delivery,1,73,Sporting Goods,Canovanas,Puerto Rico,19477,Corporate,PR,2,Fitness,18.4,-65.87,Pacific Asia,Seoul,Corea Del Sur,19477,75924,6.559999943,0.02,179239,327.75,-0.769999981,1,327.75,321.2000122,-246.3600006,Eastern Asia,Seúl,PENDING_PAYMENT,1360,73,Smart watch,327.75,0,Second Class,2018-01-13,2018-01-18,3,1,-75.17,327.75,2018,1,1,Jan,2018-01,Saturday,2,1,C,Fitness — Second Class
CASH,2,1,23.84,317.92,Late delivery,1,73,Sporting Goods,Paramount,United States,19476,Corporate,CA,2,Fitness,33.9,-118.17,Pacific Asia,Jabalpur,India,19476,75923,9.829999924,0.029999999,179238,327.75,0.079999998,1,327.75,317.9200134,23.84000015,South Asia,Madhya Pradesh,CLOSED,1360,73,Smart watch,327.75,0,First Class,2018-01-13,2018-01-15,1,1,7.27,327.75,2018,1,1,Jan,2018-01,Saturday,2,1,C,Fitness — First Class
DEBIT,2,1,102.26,314.64,Late delivery,1,73,Sporting Goods,Caguas,Puerto Rico,19475,Consumer,PR,2,Fitness,18.23,-66.04,Pacific Asia,Jabalpur,India,19475,75922,13.10999966,0.039999999,179237,327.75,0.330000013,1,327.75,314.6400146,102.2600021,South Asia,Madhya Pradesh,COMPLETE,1360,73,Smart watch,327.75,0,First Class,2018-01-13,2018-01-15,1,1,31.2,327.75,2018,1,1,Jan,2018-01,Saturday,2,1,C,Fitness — First Class
PAYMENT,0,0,87.18,311.36,Shipping on time,0,73,Sporting Goods,Mount Prospect,United States,19474,Consumer,IL,2,Fitness,42.05,-87.96,Pacific Asia,Jabalpur,India,19474,75921,16.38999939,0.050000001,179236,327.75,0.280000001,1,327.75,311.3599854,87.18000031,South Asia,Madhya Pradesh,PENDING_PAYMENT,1360,73,Smart watch,327.75,0,Same Day,2018-01-13,2018-01-13,0,0,26.6,0.0,2018,1,1,Jan,2018-01,Saturday,2,1,C,Fitness — Same Day
TRANSFER,0,0,154.86,309.72,Shipping on time,0,73,Sporting Goods,Long Beach,United States,19473,Corporate,CA,2,Fitness,33.78,-118.19,Pacific Asia,Jabalpur,India,19473,75920,18.03000069,0.059999999,179235,327.75,0.5,1,327.75,309.7200012,154.8600006,South Asia,Madhya Pradesh,PROCESSING,1360,73,Smart watch,327.75,0,Same Day,2018-01-13,2018-01-13,0,0,47.25,0.0,2018,1,1,Jan,2018-01,Saturday,2,1,C,Fitness — Same Day
TRANSFER,5,4,82.3,304.81,Late delivery,1,73,Sporting Goods,Caguas,Puerto Rico,19472,Corporate,PR,2,Fitness,18.28,-66.04,Pacific Asia,Jabalpur,India,19472,75919,22.94000053,0.07,179234,327.75,0.270000011,1,327.75,304.8099976,82.30000305,South Asia,Madhya Pradesh,PENDING,1360,73,Smart watch,327.75,0,Standard Class,2018-01-13,2018-01-18,1,1,25.11,327.75,2018,1,1,Jan,2018-01,Saturday,2,1,C,Fitness — Standard Class
TRANSFER,4,2,22.37,298.25,Late delivery,1,73,Sporting Goods,Rancho Cordova,United States,19471,Corporate,CA,2,Fitness,38.61,-121.28,Pacific Asia,Geelong,Australia,19471,75918,29.5,0.090000004,179233,327.75,0.079999998,1,327.75,298.25,22.37000084,Oceania,Victoria,PENDING,1360,73,Smart watch,327.75,0,Second Class,2018-01-13,2018-01-17,2,1,6.83,327.75,2018,1,1,Jan,2018-01,Saturday,2,1,C,Fitness — Second Class
DEBIT,6,2,131.17,285.14,Late delivery,1,73,Sporting Goods,Caguas,Puerto Rico,19468,Corporate,PR,2,Fitness,18.26,-66.04,Pacific Asia,Mandurah,Australia,19468,75915,42.61000061,0.129999995,179230,327.75,0.460000008,1,327.75,285.1400146,131.1699982,Oceania,Australia Occidental,COMPLETE,1360,73,Smart watch,327.75,0,Second Class,2018-01-13,2018-01-19,4,1,40.02,327.75,2018,1,1,Jan,2018-01,Saturday,2,1,C,Fitness — Second Class
TRANSFER,5,2,90.54,278.59,Late delivery,1,73,Sporting Goods,Wilkes Barre,United States,19467,Consumer,PA,2,Fitness,41.24,-75.87,Pacific Asia,Mandurah,Australia,19467,75914,49.15999985,0.150000006,179229,327.75,0.330000013,1,327.75,278.5899963,90.54000092,Oceania,Australia Occidental,PENDING,1360,73,Smart watch,327.75,0,Second Class,2018-01-13,2018-01-18,3,1,27.62,327.75,2018,1,1,Jan,2018-01,Saturday,2,1,C,Fitness — Second Class
PAYMENT,4,4,82.59,275.31,Shipping on time,0,73,Sporting Goods,Caguas,Puerto Rico,19466,Corporate,PR,2,Fitness,18.27,-66.04,Pacific Asia,Guilin,China,19466,75913,52.43999863,0.159999996,179228,327.75,0.300000012,1,327.75,275.3099976,82.58999634,Eastern Asia,Guangxi,PENDING_PAYMENT,1360,73,Smart watch,327.75,0,Standard Class,2018-01-13,2018-01-17,0,0,25.2,0.0,2018,1,1,Jan,2018-01,Saturday,2,1,C,Fitness — Standard Class
DEBIT,3,4,-17.14,272.03,Advance shipping,0,73,Sporting Goods,Roseville,United States,19465,Corporate,MI,2,Fitness,41.87,-84.57,Pacific Asia,Guilin,China,19465,75912,55.72000122,0.170000002,179227,327.75,-0.059999999,1,327.75,272.0299988,-17.13999939,Eastern Asia,Guangxi,COMPLETE,1360,73,Smart watch,327.75,0,Standard Class,2018-01-13,2018-01-16,-1,0,-5.23,0.0,2018,1,1,Jan,2018-01,Saturday,2,1,C,Fitness — Standard Class
TRANSFER,2,4,23.65,268.76,Advance shipping,0,73,Sporting Goods,Bellflower,United States,19464,Consumer,CA,2,Fitness,33.91,-118.13,Pacific Asia,Guilin,China,19464,75911,59.0,0.180000007,179226,327.75,0.090000004,1,327.75,268.7600098,23.64999962,Eastern Asia,Guangxi,PROCESSING,1360,73,Smart watch,327.75,0,Standard Class,2018-01-13,2018-01-15,-2,0,7.22,0.0,2018,1,1,Jan,2018-01,Saturday,2,1,C,Fitness — Standard Class
DEBIT,6,4,73.42,262.2,Late delivery,1,73,Sporting Goods,Caguas,Puerto Rico,19463,Consumer,PR,2,Fitness,18.28,-66.04,Pacific Asia,Guilin,China,19463,75910,65.55000305,0.200000003,179225,327.75,0.280000001,1,327.75,262.2000122,73.41999817,Eastern Asia,Guangxi,ON_HOLD,1360,73,Smart watch,327.75,0,Standard Class,2018-01-13,2018-01-19,2,1,22.4,327.75,2018,1,1,Jan,2018-01,Saturday,2,1,C,Fitness — Standard Class
DEBIT,5,4,113.07,245.81,Late delivery,1,73,Sporting Goods,Wheaton,United States,19462,Consumer,IL,2,Fitness,41.87,-88.11,Pacific Asia,Delhi,India,19462,75909,81.94000244,0.25,179224,327.75,0.460000008,1,327.75,245.8099976,113.0699997,South Asia,Delhi,COMPLETE,1360,73,Smart watch,327.75,0,Standard Class,2018-01-13,2018-01-18,1,1,34.5,327.75,2018,1,1,Jan,2018-01,Saturday,2,1,C,Fitness — Standard Class
PAYMENT,4,4,24.58,327.75,Shipping on time,0,73,Sporting Goods,Caguas,Puerto Rico,19461,Consumer,PR,2,Fitness,18.29,-66.04,Pacific Asia,Delhi,India,19461,75908,0.0,0.0,179223,327.75,0.079999998,1,327.75,327.75,24.57999992,South Asia,Delhi,PENDING_PAYMENT,1360,73,Smart watch,327.75,0,Standard Class,2018-01-13,2018-01-17,0,0,7.5,0.0,2018,1,1,Jan,2018-01,Saturday,2,0,C,Fitness — Standard Class
DEBIT,2,1,-97.34,324.47,Late delivery,1,73,Sporting Goods,Detroit,United States,19460,Consumer,MI,2,Fitness,42.39,-83.13,Pacific Asia,Suzhou,China,19460,75907,3.279999971,0.01,179222,327.75,-0.300000012,1,327.75,324.4700012,-97.33999634,Eastern Asia,Gansu,COMPLETE,1360,73,Smart watch,327.75,0,First Class,2018-01-13,2018-01-15,1,1,-29.7,327.75,2018,1,1,Jan,2018-01,Saturday,2,1,C,Fitness — First Class
PAYMENT,2,1,-425.58,321.2,Late delivery,1,73,Sporting Goods,Dallas,United States,19459,Consumer,TX,2,Fitness,32.87,-96.87,Pacific Asia,Suzhou,China,19459,75906,6.559999943,0.02,179221,327.75,-1.330000043,1,327.75,321.2000122,-425.5799866,Eastern Asia,Gansu,PENDING_PAYMENT,1360,73,Smart watch,327.75,0,First Class,2018-01-13,2018-01-15,1,1,-129.85,327.75,2018,1,1,Jan,2018-01,Saturday,2,1,C,Fitness — First Class
PAYMENT,2,1,152.6,317.92,Late delivery,1,73,Sporting Goods,Caguas,Puerto Rico,19458,Corporate,PR,2,Fitness,18.24,-66.04,Pacific Asia,Singapur,Singapur,19458,75905,9.829999924,0.029999999,179220,327.75,0.479999989,1,327.75,317.9200134,152.6000061,Southeast Asia,Singapur,PENDING_PAYMENT,1360,73,Smart watch,327.75,0,First Class,2018-01-13,2018-01-15,1,1,46.56,327.75,2018,1,1,Jan,2018-01,Saturday,2,1,C,Fitness — First Class
CASH,2,1,151.03,314.64,Late delivery,1,73,Sporting Goods,Carlisle,United States,19457,Corporate,PA,2,Fitness,40.03,-76.88,Pacific Asia,Hubli,India,19457,75904,13.10999966,0.039999999,179219,327.75,0.479999989,1,327.75,314.6400146,151.0299988,South Asia,Karnataka,CLOSED,1360,73,Smart watch,327.75,0,First Class,2018-01-13,2018-01-15,1,1,46.08,327.75,2018,1,1,Jan,2018-01,Saturday,2,1,C,Fitness — First Class
DEBIT,2,1,62.27,311.36,Late delivery,1,73,Sporting Goods,Dallas,United States,19456,Corporate,TX,2,Fitness,32.81,-96.69,Pacific Asia,Wollongong,Australia,19456,75903,16.38999939,0.050000001,179218,327.75,0.200000003,1,327.75,311.3599854,62.27000046,Oceania,Nueva Gales del Sur,COMPLETE,1360,73,Smart watch,327.75,0,First Class,2018-01-12,2018-01-14,1,1,19.0,327.75,2018,1,1,Jan,2018-01,Friday,2,1,C,Fitness — First Class
DEBIT,1,0,35.0,309.72,Late delivery,1,73,Sporting Goods,Caguas,Puerto Rico,19455,Consumer,PR,2,Fitness,18.29,-66.04,Pacific Asia,Wollongong,Australia,19455,75902,18.03000069,0.059999999,179217,327.75,0.109999999,1,327.75,309.7200012,35.0,Oceania,Nueva Gales del Sur,COMPLETE,1360,73,Smart watch,327.75,0,Same Day,2018-01-12,2018-01-13,1,1,10.68,327.75,2018,1,1,Jan,2018-01,Friday,2,1,C,Fitness — Same Day
PAYMENT,1,0,143.16,298.25,Late delivery,1,73,Sporting Goods,Panorama City,United States,19453,Consumer,CA,2,Fitness,34.16,-118.18,Pacific Asia,Singapur,Singapur,19453,75900,29.5,0.090000004,179215,327.75,0.479999989,1,327.75,298.25,143.1600037,Southeast Asia,Singapur,PENDING_PAYMENT,1360,73,Smart watch,327.75,0,Same Day,2018-01-12,2018-01-13,1,1,43.68,327.75,2018,1,1,Jan,2018-01,Friday,2,1,C,Fitness — Same Day
DEBIT,1,0,135.69,294.98,Late delivery,1,73,Sporting Goods,Caguas,Puerto Rico,19452,Home Office,PR,2,Fitness,18.28,-66.04,Pacific Asia,Singapur,Singapur,19452,75899,32.77999878,0.100000001,179214,327.75,0.460000008,1,327.75,294.980011,135.6900024,Southeast Asia,Singapur,COMPLETE,1360,73,Smart watch,327.75,0,Same Day,2018-01-12,2018-01-13,1,1,41.4,327.75,2018,1,1,Jan,2018-01,Friday,2,1,C,Fitness — Same Day
CASH,4,4,132.67,288.42,Shipping on time,0,73,Sporting Goods,Atlanta,United States,19451,Home Office,GA,2,Fitness,33.82,-84.45,Pacific Asia,Medan,Indonesia,19451,75898,39.33000183,0.119999997,179213,327.75,0.460000008,1,327.75,288.4200134,132.6699982,Southeast Asia,Sumatra Septentrional,CLOSED,1360,73,Smart watch,327.75,0,Standard Class,2018-01-12,2018-01-16,0,0,40.48,0.0,2018,1,1,Jan,2018-01,Friday,2,1,C,Fitness — Standard Class
PAYMENT,3,4,119.76,285.14,Advance shipping,0,73,Sporting Goods,Caguas,Puerto Rico,19450,Home Office,PR,2,Fitness,18.24,-66.04,Pacific Asia,Medan,Indonesia,19450,75897,42.61000061,0.129999995,179212,327.75,0.419999987,1,327.75,285.1400146,119.7600021,Southeast Asia,Sumatra Septentrional,PENDING_PAYMENT,1360,73,Smart watch,327.75,0,Standard Class,2018-01-12,2018-01-15,-1,0,36.54,0.0,2018,1,1,Jan,2018-01,Friday,2,1,C,Fitness — Standard Class
DEBIT,2,4,31.48,278.59,Advance shipping,0,73,Sporting Goods,Fremont,United States,19449,Consumer,CA,2,Fitness,37.49,-121.93,Pacific Asia,Canberra,Australia,19449,75896,49.15999985,0.150000006,179211,327.75,0.109999999,1,327.75,278.5899963,31.47999954,Oceania,Territorio de la Capital Australiana,COMPLETE,1360,73,Smart watch,327.75,0,Standard Class,2018-01-12,2018-01-14,-2,0,9.6,0.0,2018,1,1,Jan,2018-01,Friday,2,1,C,Fitness — Standard Class
TRANSFER,6,4,86.17,275.31,Late delivery,1,73,Sporting Goods,Caguas,Puerto Rico,19448,Corporate,PR,2,Fitness,18.26,-66.04,Pacific Asia,Bangalore,India,19448,75895,52.43999863,0.159999996,179210,327.75,0.310000002,1,327.75,275.3099976,86.16999817,South Asia,Karnataka,PENDING,1360,73,Smart watch,327.75,0,Standard Class,2018-01-12,2018-01-18,2,1,26.29,327.75,2018,1,1,Jan,2018-01,Friday,2,1,C,Fitness — Standard Class
TRANSFER,5,2,130.58,272.03,Late delivery,1,73,Sporting Goods,Rochester,United States,19447,Corporate,NY,2,Fitness,43.19,-77.57,Pacific Asia,Bangalore,India,19447,75894,55.72000122,0.170000002,179209,327.75,0.479999989,1,327.75,272.0299988,130.5800018,South Asia,Karnataka,PENDING,1360,73,Smart watch,327.75,0,Second Class,2018-01-12,2018-01-17,3,1,39.84,327.75,2018,1,1,Jan,2018-01,Friday,2,1,C,Fitness — Second Class
TRANSFER,4,4,0.0,268.76,Shipping on time,0,73,Sporting Goods,Dallas,United States,19446,Corporate,TX,2,Fitness,32.75,-96.87,Pacific Asia,Yiwu,China,19446,75893,59.0,0.180000007,179208,327.75,0.0,1,327.75,268.7600098,0.0,Eastern Asia,Zhejiang,PROCESSING,1360,73,Smart watch,327.75,0,Standard Class,2018-01-12,2018-01-16,0,0,0.0,0.0,2018,1,1,Jan,2018-01,Friday,2,1,C,Fitness — Standard Class
PAYMENT,5,2,-30.75,115.18,Late delivery,1,17,Cleats,Bayamon,Puerto Rico,9083,Home Office,PR,4,Apparel,18.38,-66.18,Pacific Asia,Mirzapur,India,9083,28744,4.800000191,0.039999999,71956,59.99000168,-0.270000011,2,119.9800034,115.1800003,-30.75,South Asia,Uttar Pradesh,PENDING_PAYMENT,365,17,Perfect Fitness Perfect Rip Deck,59.99000168,0,Second Class,2016-02-24,2016-02-29,3,1,-25.63,119.9800034,2016,2,1,Feb,2016-02,Wednesday,8,1,A,Apparel — Second Class
PAYMENT,2,2,-122.73,79.18,Shipping on time,0,29,Shop By Sport,Caguas,Puerto Rico,4741,Home Office,PR,5,Golf,18.24,-66.37,Pacific Asia,Bursa,Turquía,4741,45461,0.800000012,0.01,113598,39.99000168,-1.549999952,2,79.98000336,79.18000031,-122.7300034,West Asia,Bursa,PENDING_PAYMENT,627,29,Under Armour Girls' Toddler Spine Surge Runni,39.99000168,0,Second Class,2016-10-25,2016-10-27,0,0,-153.45,0.0,2016,10,4,Oct,2016-10,Tuesday,43,1,B,Golf — Second Class
PAYMENT,6,2,33.6,96.0,Late delivery,1,24,Women'S Apparel,Caguas,Puerto Rico,639,Home Office,PR,5,Golf,18.03,-66.61,Pacific Asia,Murray Bridge,Australia,639,31115,4.0,0.039999999,77757,50.0,0.349999994,2,100.0,96.0,33.59999847,Oceania,Australia del Sur,PENDING_PAYMENT,502,24,Nike Men's Dri-FIT Victory Golf Polo,50.0,0,Second Class,2016-03-30,2016-04-05,4,1,33.6,100.0,2016,3,1,Mar,2016-03,Wednesday,13,1,A,Golf — Second Class
PAYMENT,2,2,24.69,75.98,Shipping on time,0,29,Shop By Sport,Caguas,Puerto Rico,9702,Home Office,PR,5,Golf,18.27,-66.37,Pacific Asia,Kartal,Turquía,9702,45766,4.0,0.050000001,114401,39.99000168,0.330000013,2,79.98000336,75.98000336,24.69000053,West Asia,Estambul,PENDING_PAYMENT,627,29,Under Armour Girls' Toddler Spine Surge Runni,39.99000168,0,Second Class,2016-10-30,2016-11-01,0,0,30.87,0.0,2016,10,4,Oct,2016-10,Sunday,43,1,B,Golf — Second Class
PAYMENT,3,2,9.1,91.0,Late delivery,1,24,Women'S Apparel,Caguas,Puerto Rico,9114,Home Office,PR,5,Golf,18.28,-66.37,Pacific Asia,Ulan Bator,Mongolia,9114,47752,9.0,0.090000004,119405,50.0,0.100000001,2,100.0,91.0,9.100000381,Eastern Asia,Ulán Bator,PENDING_PAYMENT,502,24,Nike Men's Dri-FIT Victory Golf Polo,50.0,0,Second Class,2016-11-28,2016-12-01,1,1,9.1,100.0,2016,11,4,Nov,2016-11,Monday,48,1,A,Golf — Second Class
PAYMENT,5,2,-21.75,87.0,Late delivery,1,24,Women'S Apparel,Caguas,Puerto Rico,1362,Home Office,PR,5,Golf,18.29,-66.37,Pacific Asia,Estambul,Turquía,1362,50054,13.0,0.129999995,125135,50.0,-0.25,2,100.0,87.0,-21.75,West Asia,Estambul,PENDING_PAYMENT,502,24,Nike Men's Dri-FIT Victory Golf Polo,50.0,0,Second Class,2016-12-31,2017-01-05,3,1,-21.75,100.0,2016,12,4,Dec,2016-12,Saturday,52,1,A,Golf — Second Class
PAYMENT,6,2,6.15,82.0,Late delivery,1,24,Women'S Apparel,Caguas,Puerto Rico,8011,Home Office,PR,5,Golf,18.26,-66.37,Pacific Asia,Raipur,India,8011,20365,18.0,0.180000007,50842,50.0,0.079999998,2,100.0,82.0,6.150000095,South Asia,Rajastán,PENDING_PAYMENT,502,24,Nike Men's Dri-FIT Victory Golf Polo,50.0,0,Second Class,2015-10-25,2015-10-31,4,1,6.15,100.0,2015,10,4,Oct,2015-10,Sunday,43,1,A,Golf — Second Class
PAYMENT,2,2,22.41,74.68,Shipping on time,0,13,Electronics,Caguas,Puerto Rico,3296,Home Office,PR,3,Footwear,18.23,-66.37,USCA,Pasco,Estados Unidos,3296,36146,15.30000019,0.170000002,90273,44.99000168,0.300000012,2,89.98000336,74.68000031,22.40999985,West of USA,Washington,PENDING_PAYMENT,278,13,Under Armour Men's Compression EV SL Slide,44.99000168,0,Second Class,2016-06-11,2016-06-13,0,0,24.91,0.0,2016,6,2,Jun,2016-06,Saturday,23,1,C,Footwear — Second Class
PAYMENT,5,2,25.24,90.15,Late delivery,1,12,Boxing & Mma,Caguas,Puerto Rico,3182,Home Office,PR,3,Footwear,18.26,-66.37,USCA,Los Angeles,Estados Unidos,3182,41234,19.79000092,0.180000007,102921,54.97000122,0.280000001,2,109.9400024,90.15000153,25.23999977,West of USA,California,PENDING_PAYMENT,249,12,Under Armour Women's Micro G Skulpt Running S,54.97000122,0,Second Class,2016-08-24,2016-08-29,3,1,22.96,109.9400024,2016,8,3,Aug,2016-08,Wednesday,34,1,C,Footwear — Second Class
PAYMENT,6,2,30.57,117.58,Late delivery,1,17,Cleats,Caguas,Puerto Rico,7864,Home Office,PR,4,Apparel,18.28,-66.37,USCA,San Francisco,Estados Unidos,7864,32090,2.400000095,0.02,80250,59.99000168,0.25999999,2,119.9800034,117.5800018,30.5699997,West of USA,California,PENDING_PAYMENT,365,17,Perfect Fitness Perfect Rip Deck,59.99000168,0,Second Class,2016-04-13,2016-04-19,4,1,25.48,119.9800034,2016,4,2,Apr,2016-04,Wednesday,15,1,A,Apparel — Second Class
PAYMENT,4,2,46.07,95.98,Late delivery,1,17,Cleats,Caguas,Puerto Rico,11169,Home Office,PR,4,Apparel,18.27,-66.37,USCA,Overland Park,Estados Unidos,11169,34773,24.0,0.200000003,86866,59.99000168,0.479999989,2,119.9800034,95.98000336,46.0699997,US Center,Kansas,PENDING_PAYMENT,365,17,Perfect Fitness Perfect Rip Deck,59.99000168,0,Second Class,2016-05-22,2016-05-26,2,1,38.4,119.9800034,2016,5,2,May,2016-05,Sunday,20,1,A,Apparel — Second Class
PAYMENT,2,2,-184.78,263.97,Shipping on time,0,9,Cardio Equipment,Caguas,Puerto Rico,5197,Home Office,PR,3,Footwear,18.27,-66.37,Africa,Ugep,Nigeria,5197,44046,36.0,0.119999997,110025,99.98999786,-0.699999988,3,299.9700012,263.9700012,-184.7799988,West Africa,Cross River,PENDING_PAYMENT,191,9,Nike Men's Free 5.0+ Running Shoe,99.98999786,0,Second Class,2016-10-04,2016-10-06,0,0,-61.6,0.0,2016,10,4,Oct,2016-10,Tuesday,40,1,A,Footwear — Second Class
PAYMENT,5,2,38.75,113.97,Late delivery,1,29,Shop By Sport,Caguas,Puerto Rico,1535,Home Office,PR,5,Golf,18.23,-66.37,Africa,Kinshasa,República Democrática Del Congo,1535,46414,6.0,0.050000001,116033,39.99000168,0.340000004,3,119.9700012,113.9700012,38.75,Central Africa,Kinshasa,PENDING_PAYMENT,627,29,Under Armour Girls' Toddler Spine Surge Runni,39.99000168,0,Second Class,2016-11-08,2016-11-13,3,1,32.3,119.9700012,2016,11,4,Nov,2016-11,Tuesday,45,1,B,Golf — Second Class
PAYMENT,5,2,-3.65,63.99,Late delivery,1,41,Trade-In,Caguas,Puerto Rico,6122,Home Office,PR,6,Outdoors,18.26,-66.37,Africa,Dakar,Senegal,6122,46599,1.980000019,0.029999999,116462,21.98999977,-0.059999999,3,65.97000122,63.99000168,-3.650000095,West Africa,Dakar,PENDING_PAYMENT,917,41,Glove It Women's Mod Oval 3-Zip Carry All Gol,21.98999977,0,Second Class,2016-11-11,2016-11-16,3,1,-5.53,65.97000122,2016,11,4,Nov,2016-11,Friday,45,1,C,Outdoors — Second Class
PAYMENT,5,2,38.23,79.66,Late delivery,1,37,Electronics,Caguas,Puerto Rico,9451,Home Office,PR,6,Outdoors,18.24,-66.37,Africa,Casablanca,Marruecos,9451,48434,16.30999947,0.170000002,121134,31.98999977,0.479999989,3,95.97000122,79.66000366,38.22999954,North Africa,Gran Casablanca,PENDING_PAYMENT,828,37,Bridgestone e6 Straight Distance NFL San Dieg,31.98999977,0,Second Class,2016-12-08,2016-12-13,3,1,39.84,95.97000122,2016,12,4,Dec,2016-12,Thursday,49,1,C,Outdoors — Second Class
PAYMENT,3,2,129.35,293.97,Late delivery,1,9,Cardio Equipment,Caguas,Puerto Rico,542,Home Office,PR,3,Footwear,18.36,-66.08,Europe,Dortmund,Alemania,542,12827,6.0,0.02,32072,99.98999786,0.439999998,3,299.9700012,293.9700012,129.3500061,Western Europe,Renania del Norte-Westfalia,PENDING_PAYMENT,191,9,Nike Men's Free 5.0+ Running Shoe,99.98999786,0,Second Class,2015-07-07,2015-07-10,1,1,43.12,299.9700012,2015,7,3,Jul,2015-07,Tuesday,28,1,A,Footwear — Second Class
PAYMENT,2,2,132.29,269.97,Shipping on time,0,9,Cardio Equipment,Caguas,Puerto Rico,11329,Home Office,PR,3,Footwear,18.3,-66.37,Europe,Drancy,Francia,11329,63936,30.0,0.100000001,159828,99.98999786,0.49000001,3,299.9700012,269.9700012,132.2899933,Western Europe,Isla de Francia,PENDING_PAYMENT,191,9,Nike Men's Free 5.0+ Running Shoe,99.98999786,0,Second Class,2017-07-22,2017-07-24,0,0,44.1,0.0,2017,7,3,Jul,2017-07,Saturday,29,1,A,Footwear — Second Class
PAYMENT,6,2,76.04,224.98,Late delivery,1,9,Cardio Equipment,Caguas,Puerto Rico,3570,Home Office,PR,3,Footwear,18.29,-66.37,Europe,Nantes,Francia,3570,65030,74.98999786,0.25,162548,99.98999786,0.340000004,3,299.9700012,224.9799957,76.04000092,Western Europe,Países del Loira,PENDING_PAYMENT,191,9,Nike Men's Free 5.0+ Running Shoe,99.98999786,0,Second Class,2017-08-07,2017-08-13,4,1,25.35,299.9700012,2017,8,3,Aug,2017-08,Monday,32,1,A,Footwear — Second Class
PAYMENT,4,2,81.13,176.37,Late delivery,1,17,Cleats,Caguas,Puerto Rico,650,Home Office,PR,4,Apparel,18.23,-66.05,Europe,Groningen,Países Bajos,650,18108,3.599999905,0.02,45253,59.99000168,0.460000008,3,179.9700012,176.3699951,81.12999725,Western Europe,Groningen,PENDING_PAYMENT,365,17,Perfect Fitness Perfect Rip Deck,59.99000168,0,Second Class,2015-09-22,2015-09-26,2,1,45.08,179.9700012,2015,9,3,Sep,2015-09,Tuesday,39,1,A,Apparel — Second Class
PAYMENT,2,2,43.52,167.37,Shipping on time,0,17,Cleats,Caguas,Puerto Rico,9353,Home Office,PR,4,Apparel,18.3,-66.37,Europe,Gateshead,Reino Unido,9353,62571,12.60000038,0.07,156394,59.99000168,0.25999999,3,179.9700012,167.3699951,43.52000046,Northern Europe,Inglaterra,PENDING_PAYMENT,365,17,Perfect Fitness Perfect Rip Deck,59.99000168,0,Second Class,2017-07-02,2017-07-04,0,0,24.18,0.0,2017,7,3,Jul,2017-07,Sunday,26,1,A,Apparel — Second Class
PAYMENT,3,2,68.78,163.77,Late delivery,1,17,Cleats,Caguas,Puerto Rico,54,Home Office,PR,4,Apparel,18.03,-66.62,Europe,Eastbourne,Reino Unido,54,17162,16.20000076,0.090000004,42919,59.99000168,0.419999987,3,179.9700012,163.7700043,68.77999878,Northern Europe,Inglaterra,PENDING_PAYMENT,365,17,Perfect Fitness Perfect Rip Deck,59.99000168,0,Second Class,2015-09-08,2015-09-11,1,1,38.22,179.9700012,2015,9,3,Sep,2015-09,Tuesday,37,1,A,Apparel — Second Class
PAYMENT,3,2,40.49,161.97,Late delivery,1,17,Cleats,Caguas,Puerto Rico,12151,Home Office,PR,4,Apparel,18.25,-66.37,Europe,Hayange,Francia,12151,65922,18.0,0.100000001,164735,59.99000168,0.25,3,179.9700012,161.9700012,40.49000168,Western Europe,Alsacia-Champaña-Ardenas-Lorena,PENDING_PAYMENT,365,17,Perfect Fitness Perfect Rip Deck,59.99000168,0,Second Class,2017-08-20,2017-08-23,1,1,22.5,179.9700012,2017,8,3,Aug,2017-08,Sunday,33,1,A,Apparel — Second Class
PAYMENT,2,2,20.93,139.5,Shipping on time,0,24,Women'S Apparel,Caguas,Puerto Rico,11329,Home Office,PR,5,Golf,18.3,-66.37,Europe,Drancy,Francia,11329,63936,10.5,0.07,159829,50.0,0.150000006,3,150.0,139.5,20.93000031,Western Europe,Isla de Francia,PENDING_PAYMENT,502,24,Nike Men's Dri-FIT Victory Golf Polo,50.0,0,Second Class,2017-07-22,2017-07-24,0,0,13.95,0.0,2017,7,3,Jul,2017-07,Saturday,29,1,A,Golf — Second Class
PAYMENT,4,2,12.2,107.97,Late delivery,1,29,Shop By Sport,Caguas,Puerto Rico,10018,Home Office,PR,5,Golf,18.24,-66.37,Europe,Portsmouth,Reino Unido,10018,64813,12.0,0.100000001,162007,39.99000168,0.109999999,3,119.9700012,107.9700012,12.19999981,Northern Europe,Inglaterra,PENDING_PAYMENT,627,29,Under Armour Girls' Toddler Spine Surge Runni,39.99000168,0,Second Class,2017-08-04,2017-08-08,2,1,10.17,119.9700012,2017,8,3,Aug,2017-08,Friday,31,1,B,Golf — Second Class
PAYMENT,3,2,12.71,112.5,Late delivery,1,24,Women'S Apparel,Caguas,Puerto Rico,3182,Home Office,PR,5,Golf,18.26,-66.37,Europe,Gelsenkirchen,Alemania,3182,67892,37.5,0.25,169747,50.0,0.109999999,3,150.0,112.5,12.71000004,Western Europe,Renania del Norte-Westfalia,PENDING_PAYMENT,502,24,Nike Men's Dri-FIT Victory Golf Polo,50.0,0,Second Class,2017-09-18,2017-09-21,1,1,8.47,150.0,2017,9,3,Sep,2017-09,Monday,38,1,A,Golf — Second Class
PAYMENT,6,2,7.76,55.41,Late delivery,1,41,Trade-In,Caguas,Puerto Rico,4936,Home Office,PR,6,Outdoors,18.21,-66.37,Europe,Nice,Francia,4936,12525,10.56000042,0.159999996,31344,21.98999977,0.140000001,3,65.97000122,55.40999985,7.760000229,Western Europe,Provenza-Alpes-Costa Azul,PENDING_PAYMENT,917,41,Glove It Women's Mod Oval 3-Zip Carry All Gol,21.98999977,0,Second Class,2015-07-02,2015-07-08,4,1,11.76,65.97000122,2015,7,3,Jul,2015-07,Thursday,27,1,C,Outdoors — Second Class
PAYMENT,6,2,101.39,299.97,Late delivery,1,9,Cardio Equipment,Caguas,Puerto Rico,8707,Home Office,PR,3,Footwear,18.23,-66.37,LATAM,Petapa,Guatemala,8707,5895,0.0,0.0,14664,99.98999786,0.340000004,3,299.9700012,299.9700012,101.3899994,Central America,Guatemala,PENDING_PAYMENT,191,9,Nike Men's Free 5.0+ Running Shoe,99.98999786,0,Second Class,2015-03-28,2015-04-03,4,1,33.8,299.9700012,2015,3,1,Mar,2015-03,Saturday,13,0,A,Footwear — Second Class
PAYMENT,5,2,-285.07,178.17,Late delivery,1,17,Cleats,Caguas,Puerto Rico,1025,Home Office,PR,4,Apparel,18.3,-66.05,LATAM,Mejicanos,El Salvador,1025,56359,1.799999952,0.01,140970,59.99000168,-1.600000024,3,179.9700012,178.1699982,-285.0700073,Central America,San Salvador,PENDING_PAYMENT,365,17,Perfect Fitness Perfect Rip Deck,59.99000168,0,Second Class,2017-04-02,2017-04-07,3,1,-158.4,179.9700012,2017,4,2,Apr,2017-04,Sunday,13,1,A,Apparel — Second Class
PAYMENT,4,2,42.74,170.97,Late delivery,1,17,Cleats,Caguas,Puerto Rico,8831,Home Office,PR,4,Apparel,18.29,-66.37,LATAM,David,Panamá,8831,58613,9.0,0.050000001,146701,59.99000168,0.25,3,179.9700012,170.9700012,42.74000168,Central America,Chiriquí,PENDING_PAYMENT,365,17,Perfect Fitness Perfect Rip Deck,59.99000168,0,Second Class,2017-05-05,2017-05-09,2,1,23.75,179.9700012,2017,5,2,May,2017-05,Friday,18,1,A,Apparel — Second Class
PAYMENT,5,2,49.32,170.07,Late delivery,1,17,Cleats,Caguas,Puerto Rico,10679,Home Office,PR,4,Apparel,18.29,-66.37,LATAM,Santo Domingo,República Dominicana,10679,7824,9.899999619,0.059999999,19564,59.99000168,0.289999992,3,179.9700012,170.0700073,49.3199997,Caribbean,Santo Domingo,PENDING_PAYMENT,365,17,Perfect Fitness Perfect Rip Deck,59.99000168,0,Second Class,2015-04-25,2015-04-30,3,1,27.4,179.9700012,2015,4,2,Apr,2015-04,Saturday,17,1,A,Apparel — Second Class
PAYMENT,5,2,80.34,167.37,Late delivery,1,17,Cleats,Caguas,Puerto Rico,5007,Home Office,PR,4,Apparel,18.25,-66.37,LATAM,Cabimas,Venezuela,5007,7814,12.60000038,0.07,19544,59.99000168,0.479999989,3,179.9700012,167.3699951,80.33999634,South America,Zulia,PENDING_PAYMENT,365,17,Perfect Fitness Perfect Rip Deck,59.99000168,0,Second Class,2015-04-25,2015-04-30,3,1,44.64,179.9700012,2015,4,2,Apr,2015-04,Saturday,17,1,A,Apparel — Second Class
PAYMENT,5,2,-26.69,163.77,Late delivery,1,17,Cleats,Caguas,Puerto Rico,5007,Home Office,PR,4,Apparel,18.25,-66.37,LATAM,Cabimas,Venezuela,5007,7814,16.20000076,0.090000004,19542,59.99000168,-0.159999996,3,179.9700012,163.7700043,-26.69000053,South America,Zulia,PENDING_PAYMENT,365,17,Perfect Fitness Perfect Rip Deck,59.99000168,0,Second Class,2015-04-25,2015-04-30,3,1,-14.83,179.9700012,2015,4,2,Apr,2015-04,Saturday,17,1,A,Apparel — Second Class
PAYMENT,3,2,-117.33,152.97,Late delivery,1,17,Cleats,Caguas,Puerto Rico,9854,Home Office,PR,4,Apparel,18.26,-66.37,LATAM,Santo Domingo,República Dominicana,9854,60807,27.0,0.150000006,152161,59.99000168,-0.769999981,3,179.9700012,152.9700012,-117.3300018,Caribbean,Santo Domingo,PENDING_PAYMENT,365,17,Perfect Fitness Perfect Rip Deck,59.99000168,0,Second Class,2017-06-06,2017-06-09,1,1,-65.19,179.9700012,2017,6,2,Jun,2017-06,Tuesday,23,1,A,Apparel — Second Class
PAYMENT,4,2,47.88,152.97,Late delivery,1,17,Cleats,Caguas,Puerto Rico,376,Home Office,PR,4,Apparel,18.25,-66.03,LATAM,Dos Quebradas,Colombia,376,53413,27.0,0.150000006,133456,59.99000168,0.310000002,3,179.9700012,152.9700012,47.88000107,South America,Risaralda,PENDING_PAYMENT,365,17,Perfect Fitness Perfect Rip Deck,59.99000168,0,Second Class,2017-02-18,2017-02-22,2,1,26.6,179.9700012,2017,2,1,Feb,2017-02,Saturday,7,1,A,Apparel — Second Class
PAYMENT,4,2,72.0,150.0,Late delivery,1,24,Women'S Apparel,Caguas,Puerto Rico,5417,Home Office,PR,5,Golf,18.28,-66.37,LATAM,Ilopango,El Salvador,5417,7888,0.0,0.0,19707,50.0,0.479999989,3,150.0,150.0,72.0,Central America,San Salvador,PENDING_PAYMENT,502,24,Nike Men's Dri-FIT Victory Golf Polo,50.0,0,Second Class,2015-04-26,2015-04-30,2,1,48.0,150.0,2015,4,2,Apr,2015-04,Sunday,17,0,A,Golf — Second Class
PAYMENT,4,2,29.94,115.17,Late delivery,1,29,Shop By Sport,Caguas,Puerto Rico,10759,Home Office,PR,5,Golf,18.3,-66.37,LATAM,Tegucigalpa,Honduras,10759,6783,4.800000191,0.039999999,16956,39.99000168,0.25999999,3,119.9700012,115.1699982,29.94000053,Central America,Francisco Morazán,PENDING_PAYMENT,627,29,Under Armour Girls' Toddler Spine Surge Runni,39.99000168,0,Second Class,2015-04-10,2015-04-14,2,1,24.96,119.9700012,2015,4,2,Apr,2015-04,Friday,15,1,B,Golf — Second Class
PAYMENT,4,2,23.47,144.0,Late delivery,1,24,Women'S Apparel,Caguas,Puerto Rico,8541,Home Office,PR,5,Golf,18.3,-66.37,LATAM,Juazeiro,Brasil,8541,56973,6.0,0.039999999,142502,50.0,0.159999996,3,150.0,144.0,23.46999931,South America,Bahía,PENDING_PAYMENT,502,24,Nike Men's Dri-FIT Victory Golf Polo,50.0,0,Second Class,2017-04-11,2017-04-15,2,1,15.65,150.0,2017,4,2,Apr,2017-04,Tuesday,15,1,A,Golf — Second Class
PAYMENT,5,2,68.4,142.5,Late delivery,1,24,Women'S Apparel,Caguas,Puerto Rico,10679,Home Office,PR,5,Golf,18.29,-66.37,LATAM,Santo Domingo,República Dominicana,10679,7824,7.5,0.050000001,19563,50.0,0.479999989,3,150.0,142.5,68.40000153,Caribbean,Santo Domingo,PENDING_PAYMENT,502,24,Nike Men's Dri-FIT Victory Golf Polo,50.0,0,Second Class,2015-04-25,2015-04-30,3,1,45.6,150.0,2015,4,2,Apr,2015-04,Saturday,17,1,A,Golf — Second Class
PAYMENT,6,2,43.66,139.5,Late delivery,1,24,Women'S Apparel,Caguas,Puerto Rico,3752,Home Office,PR,5,Golf,18.21,-66.37,LATAM,Mexico City,México,3752,55155,10.5,0.07,137932,50.0,0.310000002,3,150.0,139.5,43.65999985,Central America,Distrito Federal,PENDING_PAYMENT,502,24,Nike Men's Dri-FIT Victory Golf Polo,50.0,0,Second Class,2017-03-16,2017-03-22,4,1,29.11,150.0,2017,3,1,Mar,2017-03,Thursday,11,1,A,Golf — Second Class
PAYMENT,2,2,13.2,132.0,Shipping on time,0,24,Women'S Apparel,Caguas,Puerto Rico,4673,Home Office,PR,5,Golf,18.2,-66.37,LATAM,Tlaquepaque,México,4673,5991,18.0,0.119999997,14921,50.0,0.100000001,3,150.0,132.0,13.19999981,Central America,Jalisco,PENDING_PAYMENT,502,24,Nike Men's Dri-FIT Victory Golf Polo,50.0,0,Second Class,2015-03-29,2015-03-31,0,0,8.8,0.0,2015,3,1,Mar,2015-03,Sunday,13,1,A,Golf — Second Class
PAYMENT,4,2,46.2,132.0,Late delivery,1,24,Women'S Apparel,Caguas,Puerto Rico,5367,Home Office,PR,5,Golf,18.21,-66.37,LATAM,Puebla,México,5367,2263,18.0,0.119999997,5671,50.0,0.349999994,3,150.0,132.0,46.20000076,Central America,Puebla,PENDING_PAYMENT,502,24,Nike Men's Dri-FIT Victory Golf Polo,50.0,0,Second Class,2015-02-03,2015-02-07,2,1,30.8,150.0,2015,2,1,Feb,2015-02,Tuesday,6,1,A,Golf — Second Class
PAYMENT,4,2,10.44,130.5,Late delivery,1,24,Women'S Apparel,Caguas,Puerto Rico,5367,Home Office,PR,5,Golf,18.21,-66.37,LATAM,Puebla,México,5367,2263,19.5,0.129999995,5669,50.0,0.079999998,3,150.0,130.5,10.43999958,Central America,Puebla,PENDING_PAYMENT,502,24,Nike Men's Dri-FIT Victory Golf Polo,50.0,0,Second Class,2015-02-03,2015-02-07,2,1,6.96,150.0,2015,2,1,Feb,2015-02,Tuesday,6,1,A,Golf — Second Class
PAYMENT,4,2,15.56,124.5,Late delivery,1,24,Women'S Apparel,Caguas,Puerto Rico,10485,Home Office,PR,5,Golf,18.28,-66.37,LATAM,Mexico City,México,10485,53403,25.5,0.170000002,133427,50.0,0.129999995,3,150.0,124.5,15.56000042,Central America,Distrito Federal,PENDING_PAYMENT,502,24,Nike Men's Dri-FIT Victory Golf Polo,50.0,0,Second Class,2017-02-18,2017-02-22,2,1,10.37,150.0,2017,2,1,Feb,2017-02,Saturday,7,1,A,Golf — Second Class
PAYMENT,4,2,32.86,99.58,Late delivery,1,29,Shop By Sport,Caguas,Puerto Rico,9272,Home Office,PR,5,Golf,18.21,-66.37,LATAM,Sao Paulo,Brasil,9272,51298,20.38999939,0.170000002,128201,39.99000168,0.330000013,3,119.9700012,99.58000183,32.86000061,South America,São Paulo,PENDING_PAYMENT,627,29,Under Armour Girls' Toddler Spine Surge Runni,39.99000168,0,Second Class,2017-01-18,2017-01-22,2,1,27.39,119.9700012,2017,1,1,Jan,2017-01,Wednesday,3,1,B,Golf — Second Class
TRANSFER,5,4,9.6,240.0,Late delivery,1,24,Women'S Apparel,Caguas,Puerto Rico,647,Consumer,PR,5,Golf,18.36,-66.08,LATAM,Montevideo,Uruguay,647,4919,10.0,0.039999999,12307,50.0,0.039999999,5,250.0,240.0,9.600000381,South America,Montevideo,PENDING,502,24,Nike Men's Dri-FIT Victory Golf Polo,50.0,0,Standard Class,2015-03-13,2015-03-18,1,1,3.84,250.0,2015,3,1,Mar,2015-03,Friday,11,1,A,Golf — Standard Class
TRANSFER,6,4,55.09,189.95,Late delivery,1,29,Shop By Sport,Caguas,Puerto Rico,6398,Consumer,PR,5,Golf,18.26,-66.37,LATAM,Buenos Aires,Argentina,6398,52640,10.0,0.050000001,131580,39.99000168,0.289999992,5,199.9499969,189.9499969,55.09000015,South America,Buenos Aires,PENDING,627,29,Under Armour Girls' Toddler Spine Surge Runni,39.99000168,0,Standard Class,2017-02-07,2017-02-13,2,1,27.55,199.9499969,2017,2,1,Feb,2017-02,Tuesday,6,1,B,Golf — Standard Class
TRANSFER,4,4,68.59,188.95,Shipping on time,0,29,Shop By Sport,Caguas,Puerto Rico,4209,Consumer,PR,5,Golf,18.2,-66.37,LATAM,Sao Paulo,Brasil,4209,6358,11.0,0.059999999,15921,39.99000168,0.360000014,5,199.9499969,188.9499969,68.58999634,South America,São Paulo,PENDING,627,29,Under Armour Girls' Toddler Spine Surge Runni,39.99000168,0,Standard Class,2015-04-03,2015-04-07,0,0,34.3,0.0,2015,4,2,Apr,2015-04,Friday,14,1,B,Golf — Standard Class
TRANSFER,2,4,51.98,236.25,Advance shipping,0,24,Women'S Apparel,Caguas,Puerto Rico,8917,Consumer,PR,5,Golf,18.22,-66.37,LATAM,Barueri,Brasil,8917,57106,13.75,0.059999999,142841,50.0,0.219999999,5,250.0,236.25,51.97999954,South America,São Paulo,PENDING,502,24,Nike Men's Dri-FIT Victory Golf Polo,50.0,0,Standard Class,2017-04-13,2017-04-15,-2,0,20.79,0.0,2017,4,2,Apr,2017-04,Thursday,15,1,A,Golf — Standard Class
TRANSFER,6,4,-23.63,236.25,Late delivery,1,24,Women'S Apparel,Caguas,Puerto Rico,7784,Consumer,PR,5,Golf,18.25,-66.37,LATAM,Arapongas,Brasil,7784,6245,13.75,0.059999999,15634,50.0,-0.100000001,5,250.0,236.25,-23.62999916,South America,Paraná,PENDING,502,24,Nike Men's Dri-FIT Victory Golf Polo,50.0,0,Standard Class,2015-04-02,2015-04-08,2,1,-9.45,250.0,2015,4,2,Apr,2015-04,Thursday,14,1,A,Golf — Standard Class
TRANSFER,2,4,66.89,136.5,Advance shipping,0,29,Shop By Sport,Caguas,Puerto Rico,1425,Consumer,PR,5,Golf,18.27,-66.37,LATAM,Camaguey,Cuba,1425,52166,13.5,0.090000004,130341,30.0,0.49000001,5,150.0,136.5,66.88999939,Caribbean,Camagüey,PENDING,642,29,Columbia Men's PFG Anchor Tough T-Shirt,30.0,0,Standard Class,2017-01-31,2017-02-02,-2,0,44.59,0.0,2017,1,1,Jan,2017-01,Tuesday,5,1,C,Golf — Standard Class
TRANSFER,3,4,11.46,181.95,Advance shipping,0,29,Shop By Sport,Caguas,Puerto Rico,2737,Consumer,PR,5,Golf,18.29,-66.37,LATAM,Las Tunas,Cuba,2737,56172,18.0,0.090000004,140494,39.99000168,0.059999999,5,199.9499969,181.9499969,11.46000004,Caribbean,Las Tunas,PENDING,627,29,Under Armour Girls' Toddler Spine Surge Runni,39.99000168,0,Standard Class,2017-03-30,2017-04-02,-1,0,5.73,0.0,2017,3,1,Mar,2017-03,Thursday,13,1,B,Golf — Standard Class
TRANSFER,5,4,22.5,225.0,Late delivery,1,24,Women'S Apparel,Caguas,Puerto Rico,6428,Consumer,PR,5,Golf,18.25,-66.37,LATAM,Santo Domingo,República Dominicana,6428,55829,25.0,0.100000001,139611,50.0,0.100000001,5,250.0,225.0,22.5,Caribbean,Santo Domingo,PENDING,502,24,Nike Men's Dri-FIT Victory Golf Polo,50.0,0,Standard Class,2017-03-25,2017-03-30,1,1,9.0,250.0,2017,3,1,Mar,2017-03,Saturday,12,1,A,Golf — Standard Class
TRANSFER,4,4,67.5,225.0,Shipping on time,0,24,Women'S Apparel,Caguas,Puerto Rico,6543,Consumer,PR,5,Golf,18.28,-66.37,LATAM,Tepic,México,6543,52478,25.0,0.100000001,131161,50.0,0.300000012,5,250.0,225.0,67.5,Central America,Nayarit,PENDING,502,24,Nike Men's Dri-FIT Victory Golf Polo,50.0,0,Standard Class,2017-02-05,2017-02-09,0,0,27.0,0.0,2017,2,1,Feb,2017-02,Sunday,5,1,A,Golf — Standard Class
TRANSFER,3,4,78.28,173.96,Advance shipping,0,29,Shop By Sport,Guayama,Puerto Rico,3990,Consumer,PR,5,Golf,17.98,-66.11,LATAM,San Miguelito,Panamá,3990,57242,25.98999977,0.129999995,143183,39.99000168,0.449999988,5,199.9499969,173.9600067,78.27999878,Central America,Panamá,PENDING,627,29,Under Armour Girls' Toddler Spine Surge Runni,39.99000168,0,Standard Class,2017-04-15,2017-04-18,-1,0,39.15,0.0,2017,4,2,Apr,2017-04,Saturday,15,1,B,Golf — Standard Class
TRANSFER,3,4,104.4,217.5,Advance shipping,0,24,Women'S Apparel,Caguas,Puerto Rico,8524,Consumer,PR,5,Golf,18.24,-66.37,LATAM,Ixtapaluca,México,8524,3137,32.5,0.129999995,7805,50.0,0.479999989,5,250.0,217.5,104.4000015,Central America,México,PENDING,502,24,Nike Men's Dri-FIT Victory Golf Polo,50.0,0,Standard Class,2015-02-15,2015-02-18,-1,0,41.76,0.0,2015,2,1,Feb,2015-02,Sunday,7,1,A,Golf — Standard Class
TRANSFER,3,4,47.85,217.5,Advance shipping,0,24,Women'S Apparel,Caguas,Puerto Rico,9204,Consumer,PR,5,Golf,18.28,-66.37,LATAM,Maceio,Brasil,9204,60127,32.5,0.129999995,150464,50.0,0.219999999,5,250.0,217.5,47.84999847,South America,Alagoas,PENDING,502,24,Nike Men's Dri-FIT Victory Golf Polo,50.0,0,Standard Class,2017-05-27,2017-05-30,-1,0,19.14,0.0,2017,5,2,May,2017-05,Saturday,21,1,A,Golf — Standard Class
TRANSFER,4,4,44.19,169.96,Shipping on time,0,29,Shop By Sport,Caguas,Puerto Rico,11761,Consumer,PR,5,Golf,18.28,-66.37,LATAM,David,Panamá,11761,3828,29.98999977,0.150000006,9521,39.99000168,0.25999999,5,199.9499969,169.9600067,44.18999863,Central America,Chiriquí,PENDING,627,29,Under Armour Girls' Toddler Spine Surge Runni,39.99000168,0,Standard Class,2015-02-25,2015-03-01,0,0,22.1,0.0,2015,2,1,Feb,2015-02,Wednesday,9,1,B,Golf — Standard Class
TRANSFER,2,4,8.5,212.5,Advance shipping,0,24,Women'S Apparel,Caguas,Puerto Rico,9554,Consumer,PR,5,Golf,18.22,-66.37,LATAM,Belo Horizonte,Brasil,9554,60386,37.5,0.150000006,151122,50.0,0.039999999,5,250.0,212.5,8.5,South America,Minas Gerais,PENDING,502,24,Nike Men's Dri-FIT Victory Golf Polo,50.0,0,Standard Class,2017-05-31,2017-06-02,-2,0,3.4,0.0,2017,5,2,May,2017-05,Wednesday,22,1,A,Golf — Standard Class
TRANSFER,4,4,83.98,167.96,Shipping on time,0,29,Shop By Sport,Caguas,Puerto Rico,5118,Consumer,PR,5,Golf,18.25,-66.37,LATAM,Santiago De Cuba,Cuba,5118,973,31.98999977,0.159999996,2420,39.99000168,0.5,5,199.9499969,167.9600067,83.98000336,Caribbean,Santiago de Cuba,PENDING,627,29,Under Armour Girls' Toddler Spine Surge Runni,39.99000168,0,Standard Class,2015-01-15,2015-01-19,0,0,42.0,0.0,2015,1,1,Jan,2015-01,Thursday,3,1,B,Golf — Standard Class
TRANSFER,5,4,70.14,207.5,Late delivery,1,24,Women'S Apparel,Caguas,Puerto Rico,5506,Consumer,PR,5,Golf,18.23,-66.37,LATAM,San Pedro Sula,Honduras,5506,57999,42.5,0.170000002,145119,50.0,0.340000004,5,250.0,207.5,70.13999939,Central America,Cortés,PENDING,502,24,Nike Men's Dri-FIT Victory Golf Polo,50.0,0,Standard Class,2017-04-26,2017-05-01,1,1,28.06,250.0,2017,4,2,Apr,2017-04,Wednesday,17,1,A,Golf — Standard Class
TRANSFER,6,4,72.63,207.5,Late delivery,1,24,Women'S Apparel,Caguas,Puerto Rico,1423,Consumer,PR,5,Golf,18.23,-66.37,LATAM,Lima,Perú,1423,54585,42.5,0.170000002,136527,50.0,0.349999994,5,250.0,207.5,72.62999725,South America,Lima (ciudad),PENDING,502,24,Nike Men's Dri-FIT Victory Golf Polo,50.0,0,Standard Class,2017-03-07,2017-03-13,2,1,29.05,250.0,2017,3,1,Mar,2017-03,Tuesday,10,1,A,Golf — Standard Class
TRANSFER,4,4,-140.0,200.0,Shipping on time,0,24,Women'S Apparel,Caguas,Puerto Rico,138,Consumer,PR,5,Golf,18.23,-66.04,LATAM,Holguin,Cuba,138,57598,50.0,0.200000003,144075,50.0,-0.699999988,5,250.0,200.0,-140.0,Caribbean,Holguín,PENDING,502,24,Nike Men's Dri-FIT Victory Golf Polo,50.0,0,Standard Class,2017-04-20,2017-04-24,0,0,-56.0,0.0,2017,4,2,Apr,2017-04,Thursday,16,1,A,Golf — Standard Class
TRANSFER,5,4,-32.6,200.0,Late delivery,1,24,Women'S Apparel,Caguas,Puerto Rico,6360,Consumer,PR,5,Golf,18.22,-66.37,LATAM,Orizaba,México,6360,54274,50.0,0.200000003,135699,50.0,-0.159999996,5,250.0,200.0,-32.59999847,Central America,Veracruz,PENDING,502,24,Nike Men's Dri-FIT Victory Golf Polo,50.0,0,Standard Class,2017-03-03,2017-03-08,1,1,-13.04,250.0,2017,3,1,Mar,2017-03,Friday,9,1,A,Golf — Standard Class
TRANSFER,4,4,68.98,149.96,Shipping on time,0,29,Shop By Sport,Caguas,Puerto Rico,2053,Consumer,PR,5,Golf,18.24,-66.37,LATAM,Managua,Nicaragua,2053,60673,49.99000168,0.25,151869,39.99000168,0.460000008,5,199.9499969,149.9600067,68.98000336,Central America,Managua,PENDING,627,29,Under Armour Girls' Toddler Spine Surge Runni,39.99000168,0,Standard Class,2017-06-04,2017-06-08,0,0,34.5,0.0,2017,6,2,Jun,2017-06,Sunday,22,1,B,Golf — Standard Class
TRANSFER,3,4,-11.81,187.5,Advance shipping,0,24,Women'S Apparel,Juana Diaz,Puerto Rico,10344,Consumer,PR,5,Golf,18.05,-66.5,LATAM,Villahermosa,México,10344,59387,62.5,0.25,148673,50.0,-0.059999999,5,250.0,187.5,-11.81000042,Central America,Tabasco,PENDING,502,24,Nike Men's Dri-FIT Victory Golf Polo,50.0,0,Standard Class,2017-05-16,2017-05-19,-1,0,-4.72,0.0,2017,5,2,May,2017-05,Tuesday,20,1,A,Golf — Standard Class
TRANSFER,6,4,52.5,187.5,Late delivery,1,24,Women'S Apparel,Caguas,Puerto Rico,6398,Consumer,PR,5,Golf,18.26,-66.37,LATAM,Buenos Aires,Argentina,6398,52640,62.5,0.25,131577,50.0,0.280000001,5,250.0,187.5,52.5,South America,Buenos Aires,PENDING,502,24,Nike Men's Dri-FIT Victory Golf Polo,50.0,0,Standard Class,2017-02-07,2017-02-13,2,1,21.0,250.0,2017,2,1,Feb,2017-02,Tuesday,6,1,A,Golf — Standard Class
TRANSFER,3,4,91.88,187.5,Advance shipping,0,24,Women'S Apparel,Caguas,Puerto Rico,3375,Consumer,PR,5,Golf,18.21,-66.37,LATAM,Quixada,Brasil,3375,10007,62.5,0.25,24992,50.0,0.49000001,5,250.0,187.5,91.87999725,South America,Ceará,PENDING,502,24,Nike Men's Dri-FIT Victory Golf Polo,50.0,0,Standard Class,2015-05-27,2015-05-30,-1,0,36.75,0.0,2015,5,2,May,2015-05,Wednesday,22,1,A,Golf — Standard Class
TRANSFER,5,4,29.69,237.55,Late delivery,1,37,Electronics,Caguas,Puerto Rico,1339,Consumer,PR,6,Outdoors,18.28,-66.37,LATAM,Mejicanos,El Salvador,1339,55984,2.400000095,0.01,139976,47.99000168,0.129999995,5,239.9499969,237.5500031,29.69000053,Central America,San Salvador,PENDING,818,37,Titleist Pro V1x Golf Balls,47.99000168,0,Standard Class,2017-03-28,2017-04-02,1,1,12.37,239.9499969,2017,3,1,Mar,2017-03,Tuesday,13,1,C,Outdoors — Standard Class
TRANSFER,4,4,73.7,153.55,Shipping on time,0,37,Electronics,Caguas,Puerto Rico,6543,Consumer,PR,6,Outdoors,18.28,-66.37,LATAM,Tepic,México,6543,52478,6.400000095,0.039999999,131164,31.98999977,0.479999989,5,159.9499969,153.5500031,73.69999695,Central America,Nayarit,PENDING,825,37,Bridgestone e6 Straight Distance NFL Tennesse,31.98999977,0,Standard Class,2017-02-05,2017-02-09,0,0,46.08,0.0,2017,2,1,Feb,2017-02,Sunday,5,1,C,Outdoors — Standard Class
TRANSFER,6,4,-79.19,395.96,Late delivery,1,38,Kids' Golf Clubs,Guayama,Puerto Rico,3990,Consumer,PR,6,Outdoors,17.98,-66.11,LATAM,Mixco,Guatemala,3990,58375,53.99000168,0.119999997,146090,89.98999786,-0.200000003,5,449.9500122,395.9599915,-79.19000244,Central America,Guatemala,PENDING,306,38,Polar FT4 Heart Rate Monitor,89.98999786,0,Standard Class,2017-05-02,2017-05-08,2,1,-17.6,449.9500122,2017,5,2,May,2017-05,Tuesday,18,1,C,Outdoors — Standard Class
TRANSFER,4,4,34.85,124.46,Shipping on time,0,44,Hunting & Shooting,Caguas,Puerto Rico,7247,Consumer,PR,7,Fan Shop,18.23,-66.37,LATAM,Nueva Gerona,Cuba,7247,56448,25.48999977,0.170000002,141192,29.98999977,0.280000001,5,149.9499969,124.4599991,34.84999847,Caribbean,Isla de la Juventud,PENDING,977,44,ENO Atlas Hammock Straps,29.98999977,0,Standard Class,2017-04-03,2017-04-07,0,0,23.24,0.0,2017,4,2,Apr,2017-04,Monday,14,1,C,Fan Shop — Standard Class
TRANSFER,2,4,74.09,284.95,Advance shipping,0,3,Baseball & Softball,Caguas,Puerto Rico,1273,Consumer,PR,2,Fitness,18.24,-66.37,LATAM,Buenos Aires,Argentina,1273,8221,15.0,0.050000001,20537,59.99000168,0.25999999,5,299.9500122,284.9500122,74.08999634,South America,Buenos Aires,PROCESSING,44,3,adidas Men's F10 Messi TRX FG Soccer Cleat,59.99000168,0,Standard Class,2015-04-30,2015-05-02,-2,0,24.7,0.0,2015,4,2,Apr,2015-04,Thursday,18,1,C,Fitness — Standard Class
TRANSFER,5,4,149.99,499.95,Late delivery,1,9,Cardio Equipment,Caguas,Puerto Rico,6277,Consumer,PR,3,Footwear,18.22,-66.37,LATAM,Chimaltenango,Guatemala,6277,58034,0.0,0.0,145203,99.98999786,0.300000012,5,499.9500122,499.9500122,149.9900055,Central America,Chimaltenango,PROCESSING,191,9,Nike Men's Free 5.0+ Running Shoe,99.98999786,0,Standard Class,2017-04-27,2017-05-02,1,1,30.0,499.9500122,2017,4,2,Apr,2017-04,Thursday,17,0,A,Footwear — Standard Class
TRANSFER,4,4,-18.81,494.95,Shipping on time,0,9,Cardio Equipment,Caguas,Puerto Rico,7701,Consumer,PR,3,Footwear,18.25,-66.37,LATAM,Villa Nueva,Guatemala,7701,2203,5.0,0.01,5525,99.98999786,-0.039999999,5,499.9500122,494.9500122,-18.80999947,Central America,Guatemala,PROCESSING,191,9,Nike Men's Free 5.0+ Running Shoe,99.98999786,0,Standard Class,2015-02-02,2015-02-06,0,0,-3.76,0.0,2015,2,1,Feb,2015-02,Monday,6,1,A,Footwear — Standard Class
TRANSFER,5,4,140.64,484.95,Late delivery,1,9,Cardio Equipment,Caguas,Puerto Rico,4126,Consumer,PR,3,Footwear,18.23,-66.37,LATAM,Quito,Ecuador,4126,53069,15.0,0.029999999,132642,99.98999786,0.289999992,5,499.9500122,484.9500122,140.6399994,South America,Pichincha,PROCESSING,191,9,Nike Men's Free 5.0+ Running Shoe,99.98999786,0,Standard Class,2017-02-13,2017-02-18,1,1,28.13,499.9500122,2017,2,1,Feb,2017-02,Monday,7,1,A,Footwear — Standard Class
TRANSFER,2,4,36.0,479.95,Advance shipping,0,9,Cardio Equipment,Caguas,Puerto Rico,9528,Consumer,PR,3,Footwear,18.22,-66.37,LATAM,Managua,Nicaragua,9528,60146,20.0,0.039999999,150522,99.98999786,0.079999998,5,499.9500122,479.9500122,36.0,Central America,Managua,PROCESSING,191,9,Nike Men's Free 5.0+ Running Shoe,99.98999786,0,Standard Class,2017-05-27,2017-05-29,-2,0,7.2,0.0,2017,5,2,May,2017-05,Saturday,21,1,A,Footwear — Standard Class
TRANSFER,5,4,179.98,479.95,Late delivery,1,9,Cardio Equipment,Caguas,Puerto Rico,1853,Consumer,PR,3,Footwear,18.26,-66.37,LATAM,Valle De La Pascua,Venezuela,1853,55409,20.0,0.039999999,138585,99.98999786,0.379999995,5,499.9500122,479.9500122,179.9799957,South America,Guárico,PROCESSING,191,9,Nike Men's Free 5.0+ Running Shoe,99.98999786,0,Standard Class,2017-03-19,2017-03-24,1,1,36.0,499.9500122,2017,3,1,Mar,2017-03,Sunday,11,1,A,Footwear — Standard Class
TRANSFER,4,4,-783.67,474.95,Shipping on time,0,9,Cardio Equipment,Caguas,Puerto Rico,11149,Consumer,PR,3,Footwear,18.28,-66.37,LATAM,San Miguelito,Panamá,11149,8678,25.0,0.050000001,21674,99.98999786,-1.649999976,5,499.9500122,474.9500122,-783.6699829,Central America,Panamá,PROCESSING,191,9,Nike Men's Free 5.0+ Running Shoe,99.98999786,0,Standard Class,2015-05-07,2015-05-11,0,0,-156.75,0.0,2015,5,2,May,2015-05,Thursday,19,1,A,Footwear — Standard Class
TRANSFER,6,4,199.48,474.95,Late delivery,1,9,Cardio Equipment,Caguas,Puerto Rico,5828,Consumer,PR,3,Footwear,18.21,-66.37,LATAM,San Miguelito,Panamá,5828,7980,25.0,0.050000001,19945,99.98999786,0.419999987,5,499.9500122,474.9500122,199.4799957,Central America,Panamá,PROCESSING,191,9,Nike Men's Free 5.0+ Running Shoe,99.98999786,0,Standard Class,2015-04-27,2015-05-03,2,1,39.9,499.9500122,2015,4,2,Apr,2015-04,Monday,18,1,A,Footwear — Standard Class
TRANSFER,6,4,-269.97,449.96,Late delivery,1,9,Cardio Equipment,Caguas,Puerto Rico,6887,Consumer,PR,3,Footwear,18.22,-66.37,LATAM,Petapa,Guatemala,6887,57185,50.0,0.100000001,143043,99.98999786,-0.600000024,5,499.9500122,449.9599915,-269.9700012,Central America,Guatemala,PROCESSING,191,9,Nike Men's Free 5.0+ Running Shoe,99.98999786,0,Standard Class,2017-04-14,2017-04-20,2,1,-54.0,499.9500122,2017,4,2,Apr,2017-04,Friday,15,1,A,Footwear — Standard Class
TRANSFER,2,4,-22.5,449.96,Advance shipping,0,9,Cardio Equipment,Caguas,Puerto Rico,4781,Consumer,PR,3,Footwear,18.26,-66.37,LATAM,Cotia,Brasil,4781,8636,50.0,0.100000001,21551,99.98999786,-0.050000001,5,499.9500122,449.9599915,-22.5,South America,São Paulo,PROCESSING,191,9,Nike Men's Free 5.0+ Running Shoe,99.98999786,0,Standard Class,2015-05-07,2015-05-09,-2,0,-4.5,0.0,2015,5,2,May,2015-05,Thursday,19,1,A,Footwear — Standard Class
TRANSFER,3,4,59.06,337.46,Advance shipping,0,12,Boxing & Mma,Caguas,Puerto Rico,10668,Consumer,PR,3,Footwear,18.23,-66.37,LATAM,Itapecuru Mirim,Brasil,10668,61192,112.4899979,0.25,153077,89.98999786,0.180000007,5,449.9500122,337.4599915,59.06000137,South America,Marañón,PROCESSING,251,12,Brooks Women's Ghost 6 Running Shoe,89.98999786,0,Standard Class,2017-06-12,2017-06-15,-1,0,13.13,0.0,2017,6,2,Jun,2017-06,Monday,24,1,C,Footwear — Standard Class
TRANSFER,2,4,140.98,299.95,Advance shipping,0,17,Cleats,Caguas,Puerto Rico,5421,Consumer,PR,4,Apparel,18.21,-66.37,LATAM,Leon,Nicaragua,5421,55876,0.0,0.0,139714,59.99000168,0.469999999,5,299.9500122,299.9500122,140.9799957,Central America,León,PROCESSING,365,17,Perfect Fitness Perfect Rip Deck,59.99000168,0,Standard Class,2017-03-26,2017-03-28,-2,0,47.0,0.0,2017,3,1,Mar,2017-03,Sunday,12,0,A,Apparel — Standard Class
TRANSFER,2,4,81.66,296.95,Advance shipping,0,17,Cleats,Caguas,Puerto Rico,10200,Consumer,PR,4,Apparel,18.27,-66.37,LATAM,Tlalpan,México,10200,53331,3.0,0.01,133251,59.99000168,0.280000001,5,299.9500122,296.9500122,81.66000366,Central America,Distrito Federal,PROCESSING,365,17,Perfect Fitness Perfect Rip Deck,59.99000168,0,Standard Class,2017-02-17,2017-02-19,-2,0,27.22,0.0,2017,2,1,Feb,2017-02,Friday,7,1,A,Apparel — Standard Class
TRANSFER,6,4,18.41,296.95,Late delivery,1,17,Cleats,Caguas,Puerto Rico,11254,Consumer,PR,4,Apparel,18.26,-66.37,LATAM,Apopa,El Salvador,11254,51725,3.0,0.01,129241,59.99000168,0.059999999,5,299.9500122,296.9500122,18.40999985,Central America,San Salvador,PROCESSING,365,17,Perfect Fitness Perfect Rip Deck,59.99000168,0,Standard Class,2017-01-25,2017-01-31,2,1,6.14,299.9500122,2017,1,1,Jan,2017-01,Wednesday,4,1,A,Apparel — Standard Class
TRANSFER,3,4,33.22,293.95,Advance shipping,0,17,Cleats,Caguas,Puerto Rico,11106,Consumer,PR,4,Apparel,18.26,-66.37,LATAM,Cipolletti,Argentina,11106,52562,6.0,0.02,131382,59.99000168,0.109999999,5,299.9500122,293.9500122,33.22000122,South America,Río Negro,PROCESSING,365,17,Perfect Fitness Perfect Rip Deck,59.99000168,0,Standard Class,2017-02-06,2017-02-09,-1,0,11.08,0.0,2017,2,1,Feb,2017-02,Monday,6,1,A,Apparel — Standard Class
TRANSFER,5,4,25.31,290.95,Late delivery,1,17,Cleats,Caguas,Puerto Rico,8456,Consumer,PR,4,Apparel,18.25,-66.37,LATAM,Mejicanos,El Salvador,8456,59754,9.0,0.029999999,149532,59.99000168,0.090000004,5,299.9500122,290.9500122,25.30999947,Central America,San Salvador,PROCESSING,365,17,Perfect Fitness Perfect Rip Deck,59.99000168,0,Standard Class,2017-05-22,2017-05-27,1,1,8.44,299.9500122,2017,5,2,May,2017-05,Monday,21,1,A,Apparel — Standard Class
TRANSFER,5,4,-239.86,287.95,Late delivery,1,17,Cleats,Caguas,Puerto Rico,6149,Consumer,PR,4,Apparel,18.22,-66.37,LATAM,La Ceiba,Honduras,6149,53574,12.0,0.039999999,133893,59.99000168,-0.829999983,5,299.9500122,287.9500122,-239.8600006,Central America,Atlántida,PROCESSING,365,17,Perfect Fitness Perfect Rip Deck,59.99000168,0,Standard Class,2017-02-21,2017-02-26,1,1,-79.97,299.9500122,2017,2,1,Feb,2017-02,Tuesday,8,1,A,Apparel — Standard Class
TRANSFER,5,4,-155.9,283.45,Late delivery,1,17,Cleats,Caguas,Puerto Rico,1473,Consumer,PR,4,Apparel,18.29,-66.37,LATAM,Cordoba,México,1473,399,16.5,0.059999999,989,59.99000168,-0.550000012,5,299.9500122,283.4500122,-155.8999939,Central America,Veracruz,PROCESSING,365,17,Perfect Fitness Perfect Rip Deck,59.99000168,0,Standard Class,2015-01-06,2015-01-11,1,1,-51.98,299.9500122,2015,1,1,Jan,2015-01,Tuesday,2,1,A,Apparel — Standard Class
DEBIT,6,2,40.02,86.99,Late delivery,1,9,Cardio Equipment,Caguas,Puerto Rico,1840,Consumer,PR,3,Footwear,18.27,-66.37,Africa,Kuito,Angola,1840,51050,13.0,0.129999995,127587,99.98999786,0.460000008,1,99.98999786,86.98999786,40.02000046,Central Africa,Bié,ON_HOLD,191,9,Nike Men's Free 5.0+ Running Shoe,99.98999786,0,Second Class,2017-01-15,2017-01-21,4,1,40.02,99.98999786,2017,1,1,Jan,2017-01,Sunday,2,1,A,Footwear — Second Class
DEBIT,6,2,44.59,127.39,Late delivery,1,18,Men'S Footwear,Caguas,Puerto Rico,6757,Consumer,PR,4,Apparel,18.3,-66.37,Africa,Jartum,Sudán,6757,45680,2.599999905,0.02,114171,129.9900055,0.349999994,1,129.9900055,127.3899994,44.59000015,North Africa,Jartum,ON_HOLD,403,18,Nike Men's CJ Elite 2 TD Football Cleat,129.9900055,0,Second Class,2016-10-28,2016-11-03,4,1,34.3,129.9900055,2016,10,4,Oct,2016-10,Friday,43,1,B,Apparel — Second Class
DEBIT,3,2,57.96,118.29,Late delivery,1,18,Men'S Footwear,Caguas,Puerto Rico,3972,Consumer,PR,4,Apparel,18.27,-66.37,Africa,Hargeysa,Somalia,3972,42992,11.69999981,0.090000004,107395,129.9900055,0.49000001,1,129.9900055,118.2900009,57.95999908,East Africa,Gobolka Woqooyi Galbeed,ON_HOLD,403,18,Nike Men's CJ Elite 2 TD Football Cleat,129.9900055,0,Second Class,2016-09-19,2016-09-22,1,1,44.59,129.9900055,2016,9,3,Sep,2016-09,Monday,38,1,B,Apparel — Second Class
DEBIT,5,2,30.42,116.99,Late delivery,1,18,Men'S Footwear,Caguas,Puerto Rico,9316,Consumer,PR,4,Apparel,18.22,-66.37,Africa,Kenitra,Marruecos,9316,41304,13.0,0.100000001,103114,129.9900055,0.25999999,1,129.9900055,116.9899979,30.42000008,North Africa,Garb-Chrarda-Beni Hsen,ON_HOLD,403,18,Nike Men's CJ Elite 2 TD Football Cleat,129.9900055,0,Second Class,2016-08-25,2016-08-30,3,1,23.4,129.9900055,2016,8,3,Aug,2016-08,Thursday,34,1,B,Apparel — Second Class
DEBIT,6,2,24.6,49.19,Late delivery,1,17,Cleats,Caguas,Puerto Rico,6757,Consumer,PR,4,Apparel,18.3,-66.37,Africa,Jartum,Sudán,6757,45680,10.80000019,0.180000007,114173,59.99000168,0.5,1,59.99000168,49.18999863,24.60000038,North Africa,Jartum,ON_HOLD,365,17,Perfect Fitness Perfect Rip Deck,59.99000168,0,Second Class,2016-10-28,2016-11-03,4,1,41.01,59.99000168,2016,10,4,Oct,2016-10,Friday,43,1,A,Apparel — Second Class
DEBIT,4,2,48.88,103.99,Late delivery,1,18,Men'S Footwear,Caguas,Puerto Rico,11213,Consumer,PR,4,Apparel,18.24,-66.37,Africa,Abidjan,Costa De Marfil,11213,44253,26.0,0.200000003,110494,129.9900055,0.469999999,1,129.9900055,103.9899979,48.88000107,West Africa,Lagunes,ON_HOLD,403,18,Nike Men's CJ Elite 2 TD Football Cleat,129.9900055,0,Second Class,2016-10-07,2016-10-11,2,1,37.6,129.9900055,2016,10,4,Oct,2016-10,Friday,40,1,B,Apparel — Second Class
DEBIT,4,2,0.0,296.98,Late delivery,1,43,Camping & Hiking,Caguas,Puerto Rico,3474,Consumer,PR,7,Fan Shop,18.26,-66.37,Africa,Abu Kabir,Egipto,3474,46098,3.0,0.01,115235,299.980011,0.0,1,299.980011,296.980011,0.0,North Africa,Ash Sharqiyah,ON_HOLD,957,43,Diamondback Women's Serene Classic Comfort Bi,299.980011,0,Second Class,2016-11-03,2016-11-07,2,1,0.0,299.980011,2016,11,4,Nov,2016-11,Thursday,44,1,A,Fan Shop — Second Class
DEBIT,5,2,95.54,293.98,Late delivery,1,43,Camping & Hiking,Caguas,Puerto Rico,9316,Consumer,PR,7,Fan Shop,18.22,-66.37,Africa,Kenitra,Marruecos,9316,41304,6.0,0.02,103115,299.980011,0.330000013,1,299.980011,293.980011,95.54000092,North Africa,Garb-Chrarda-Beni Hsen,ON_HOLD,957,43,Diamondback Women's Serene Classic Comfort Bi,299.980011,0,Second Class,2016-08-25,2016-08-30,3,1,31.85,299.980011,2016,8,3,Aug,2016-08,Thursday,34,1,A,Fan Shop — Second Class
DEBIT,3,2,-50.58,252.88,Late delivery,1,65,Consumer Electronics,Caguas,Puerto Rico,14630,Consumer,PR,10,Technology,18.27,-66.04,Europe,Perugia,Italia,14630,71077,0.0,0.0,174392,252.8800049,-0.200000003,1,252.8800049,252.8800049,-50.58000183,Southern Europe,Umbría,COMPLETE,1352,65,Industrial consumer electronics,252.8800049,0,Second Class,2017-11-03,2017-11-06,1,1,-20.0,252.8800049,2017,11,4,Nov,2017-11,Friday,44,0,C,Technology — Second Class
DEBIT,4,2,120.83,447.52,Late delivery,1,62,Cameras,Caguas,Puerto Rico,13256,Consumer,PR,10,Technology,18.24,-66.04,Europe,Nuremberg,Alemania,13256,69703,4.519999981,0.01,173018,452.0400085,0.270000011,1,452.0400085,447.519989,120.8300018,Western Europe,Bavaria,COMPLETE,1349,62,Web Camera,452.0400085,0,Second Class,2017-10-14,2017-10-18,2,1,26.73,452.0400085,2017,10,4,Oct,2017-10,Saturday,41,1,C,Technology — Second Class
DEBIT,3,2,25.04,250.35,Late delivery,1,65,Consumer Electronics,Caguas,Puerto Rico,14665,Consumer,PR,10,Technology,18.28,-66.04,Europe,Reims,Francia,14665,71112,2.529999971,0.01,174427,252.8800049,0.100000001,1,252.8800049,250.3500061,25.04000092,Western Europe,Alsacia-Champaña-Ardenas-Lorena,COMPLETE,1352,65,Industrial consumer electronics,252.8800049,0,Second Class,2017-11-04,2017-11-07,1,1,9.9,252.8800049,2017,11,4,Nov,2017-11,Saturday,44,1,C,Technology — Second Class
DEBIT,6,2,212.64,443.0,Late delivery,1,62,Cameras,Caguas,Puerto Rico,13363,Consumer,PR,10,Technology,18.22,-66.04,Europe,Halle,Alemania,13363,69810,9.039999962,0.02,173125,452.0400085,0.479999989,1,452.0400085,443.0,212.6399994,Western Europe,Sajonia-Anhalt,COMPLETE,1349,62,Web Camera,452.0400085,0,Second Class,2017-10-16,2017-10-22,4,1,47.04,452.0400085,2017,10,4,Oct,2017-10,Monday,42,1,C,Technology — Second Class
DEBIT,3,2,68.68,245.29,Late delivery,1,65,Consumer Electronics,Caguas,Puerto Rico,14645,Consumer,PR,10,Technology,18.26,-66.04,Europe,Bremerhaven,Alemania,14645,71092,7.590000153,0.029999999,174407,252.8800049,0.280000001,1,252.8800049,245.2899933,68.68000031,Western Europe,Bremen,COMPLETE,1352,65,Industrial consumer electronics,252.8800049,0,Second Class,2017-11-03,2017-11-06,1,1,27.16,252.8800049,2017,11,4,Nov,2017-11,Friday,44,1,C,Technology — Second Class
DEBIT,6,2,135.83,433.96,Late delivery,1,62,Cameras,Caguas,Puerto 
